customer_id,probability_of_churn,prediction_of_churn
4716-MRVEN,0.034482758620689655,0
8966-KZXXA,0.022988505747126436,0
8720-RQSBJ,0.5632183908045977,1
7504-UWHNB,0.16091954022988506,0
1730-VFMWO,0.08045977011494253,0
5297-MDOIR,0.06896551724137931,0
1273-MTETI,0.7471264367816092,1
4847-QNOKA,0.5517241379310345,1
2091-MJTFX,0.05747126436781609,0
0118-JPNOY,0.3563218390804598,0
3374-LXDEV,0.5517241379310345,1
1697-BCSHV,0.06896551724137931,0
3070-FNFZQ,0.011494252873563218,0
7586-ZATGZ,0.3333333333333333,0
7786-WBJYI,0.7126436781609196,1
9362-MWODR,0.16091954022988506,0
2391-IPLOP,0.10344827586206896,0
6656-JWRQX,0.47126436781609193,0
1623-NLDOT,0.05747126436781609,0
8908-NMQTX,0.011494252873563218,0
2789-HQBOU,0.6896551724137931,1
6289-CPNLD,0.26436781609195403,0
6064-ZATLR,0.06896551724137931,0
5269-NRGDP,0.28735632183908044,0
1428-GTBJJ,0.41379310344827586,0
8474-UMLNT,0.2413793103448276,0
9799-CAYJJ,0.7126436781609196,1
7302-ZHMHP,0.3333333333333333,0
4835-YSJMR,0.11494252873563218,0
9514-JDSKI,0.5977011494252874,1
3842-IYKUE,0.3218390804597701,0
9830-ECLEN,0.08045977011494253,0
2696-ECXKC,0.27586206896551724,0
7061-OVMIM,0.034482758620689655,0
6258-NGCNG,0.12643678160919541,0
2692-AQCPF,0.1839080459770115,0
7973-DZRKH,0.06896551724137931,0
8337-MSSXB,0.5977011494252874,1
6893-ODYYE,0.26436781609195403,0
4976-LNFVV,0.1839080459770115,0
9903-LYSAB,0.3333333333333333,0
5469-NUJUR,0.022988505747126436,0
3768-VHXQO,0.0,0
5918-VUKWP,0.034482758620689655,0
7394-LWLYN,0.7126436781609196,1
6227-FBDXH,0.16091954022988506,0
2581-VKIRT,0.06896551724137931,0
6030-REHUX,0.41379310344827586,0
1150-FTQGN,0.13793103448275862,0
0980-FEXWF,0.08045977011494253,0
8042-JVNFH,0.7471264367816092,1
6341-JVQGF,0.3563218390804598,0
7789-HKSBS,0.367816091954023,0
2815-CPTUL,0.5862068965517241,1
6933-FHBZC,0.09195402298850575,0
7684-XSZIY,0.0,0
5056-FIMPT,0.367816091954023,0
1222-KJNZD,0.0,0
7422-WNBTY,0.2988505747126437,0
6646-JPPHA,0.4942528735632184,0
7901-TBKJX,0.27586206896551724,0
0164-APGRB,0.09195402298850575,0
6870-ECSHE,0.25287356321839083,0
3683-QKIUE,0.41379310344827586,0
2511-ALLCS,0.034482758620689655,0
5022-JNQEQ,0.5172413793103449,1
8292-ITGYJ,0.0,0
9253-VIFJQ,0.022988505747126436,0
0661-XEYAN,0.39080459770114945,0
9796-BPKIW,0.3793103448275862,0
6408-WHTEF,0.034482758620689655,0
9617-INGJY,0.7126436781609196,1
5989-PGKJB,0.5517241379310345,1
9661-JALZV,0.022988505747126436,0
0270-THENM,0.034482758620689655,0
8966-SNIZF,0.0,0
6368-TZZDT,0.12643678160919541,0
4385-GZQXV,0.5632183908045977,1
5453-AXEPF,0.4827586206896552,0
9761-XUJWD,0.39080459770114945,0
6650-BWFRT,0.09195402298850575,0
8885-QSQBX,0.5977011494252874,1
6103-BOCOU,0.3103448275862069,0
3466-RITXD,0.367816091954023,0
3583-KRKMD,0.39080459770114945,0
6906-MPARY,0.2988505747126437,0
8336-TAVKX,0.05747126436781609,0
2722-VOJQL,0.1724137931034483,0
6727-IOTLZ,0.5402298850574713,1
5834-ASPWA,0.7816091954022989,1
1612-EOHDH,0.5402298850574713,1
4631-OACRM,0.5057471264367817,1
9770-KXGQU,0.27586206896551724,0
4988-IQIGL,0.7931034482758621,1
4290-BSXUX,0.7126436781609196,1
5073-WXOYN,0.05747126436781609,0
6425-JWTDV,0.011494252873563218,0
5913-INRQV,0.3103448275862069,0
7551-DACSP,0.3793103448275862,0
9992-UJOEL,0.5287356321839081,1
6007-TCTST,0.09195402298850575,0
5176-LMJXE,0.0,0
2834-JKOOW,0.20689655172413793,0
7766-CLTIC,0.19540229885057472,0
9728-FTTVZ,0.7126436781609196,1
6328-ZPBGN,0.6781609195402298,1
0420-BWTPW,0.16091954022988506,0
8118-TJAFG,0.7241379310344828,1
3985-HOYPM,0.034482758620689655,0
0239-OXEXL,0.26436781609195403,0
4753-PADAS,0.20689655172413793,0
3658-KIBGF,0.5057471264367817,1
9470-XCCEM,0.3103448275862069,0
5753-QQWPW,0.09195402298850575,0
4365-MSDYN,0.05747126436781609,0
5850-BDWCY,0.10344827586206896,0
7826-VVKWT,0.4942528735632184,0
3692-JHONH,0.2988505747126437,0
5550-VFRLC,0.7241379310344828,1
0048-LUMLS,0.3218390804597701,0
0302-JOIVN,0.7471264367816092,1
8099-MZPUJ,0.2988505747126437,0
2519-ERQOJ,0.06896551724137931,0
9274-UARKJ,0.5632183908045977,1
4115-BNPJY,0.26436781609195403,0
1779-PWPMG,0.09195402298850575,0
4529-CKBCL,0.7241379310344828,1
9497-QCMMS,0.7471264367816092,1
9057-SIHCH,0.7471264367816092,1
6145-NNPNO,0.5632183908045977,1
5600-PDUJF,0.39080459770114945,0
6270-OMFIW,0.13793103448275862,0
3316-UWXUY,0.2413793103448276,0
7321-KKSDU,0.034482758620689655,0
8878-HMWBV,0.5287356321839081,1
2684-EIWEO,0.367816091954023,0
4547-FZJWE,0.10344827586206896,0
4750-UKWJK,0.011494252873563218,0
1902-XBTFB,0.39080459770114945,0
5324-KTGCG,0.0,0
8714-EUHJO,0.3563218390804598,0
1472-TNCWL,0.2988505747126437,0
3932-CMDTD,0.7816091954022989,1
5727-MYATE,0.04597701149425287,0
6008-NAIXK,0.12643678160919541,0
9506-UXUSK,0.3218390804597701,0
1042-HFUCW,0.09195402298850575,0
4237-CLSMM,0.28735632183908044,0
4588-YBNIB,0.3563218390804598,0
0940-OUQEC,0.5977011494252874,1
9095-HFAFX,0.6781609195402298,1
1400-MMYXY,0.7931034482758621,1
3999-QGRJH,0.3563218390804598,0
7169-YWAMK,0.022988505747126436,0
7831-QGOXH,0.4942528735632184,0
9432-RUVSL,0.2988505747126437,0
1184-PJVDB,0.5632183908045977,1
7534-BFESC,0.28735632183908044,0
6439-PKTRR,0.05747126436781609,0
8309-PPCED,0.09195402298850575,0
6898-RBTLU,0.20689655172413793,0
9692-TUSXH,0.4827586206896552,0
5996-EBTKM,0.034482758620689655,0
3737-XBQDD,0.3563218390804598,0
9943-VSZUV,0.09195402298850575,0
6818-DJXAA,0.6091954022988506,1
7537-RBWEA,0.39080459770114945,0
9269-CQOOL,0.47126436781609193,0
8740-CRYFY,0.7701149425287356,1
9053-EJUNL,0.2988505747126437,0
9974-JFBHQ,0.19540229885057472,0
3858-XHYJO,0.39080459770114945,0
5168-MQQCA,0.11494252873563218,0
8065-BVEPF,0.19540229885057472,0
0221-WMXNQ,0.7816091954022989,1
2545-LXYVJ,0.0,0
1009-IRMNA,0.08045977011494253,0
0164-XAIRP,0.0,0
0431-APWVY,0.3563218390804598,0
7337-CINUD,0.04597701149425287,0
2277-DJJDL,0.25287356321839083,0
6918-UMQCG,0.7126436781609196,1
8992-VONJD,0.1839080459770115,0
6384-VMJHP,0.034482758620689655,0
1389-WNUIB,0.39080459770114945,0
1196-AMORA,0.5402298850574713,1
9242-TKFSV,0.011494252873563218,0
2307-FYNNL,0.1724137931034483,0
1905-OEILC,0.3103448275862069,0
4826-DXMUP,0.28735632183908044,0
7964-ZRKKG,0.034482758620689655,0
9522-ZSINC,0.04597701149425287,0
8313-NDOIA,0.4482758620689655,0
8050-DVOJX,0.22988505747126436,0
7010-BRBUU,0.0,0
1963-SVUCV,0.5287356321839081,1
8920-NAVAY,0.13793103448275862,0
0396-YCHWO,0.3103448275862069,0
1984-FCOWB,0.12643678160919541,0
6305-YLBMM,0.16091954022988506,0
9824-QCJPK,0.022988505747126436,0
1322-AGOQM,0.034482758620689655,0
3230-WYKIR,0.47126436781609193,0
9873-MNDKV,0.26436781609195403,0
9862-KJTYK,0.05747126436781609,0
0411-EZJZE,0.3333333333333333,0
2977-CEBSX,0.05747126436781609,0
7129-CAKJW,0.4942528735632184,0
0376-YMCJC,0.39080459770114945,0
8165-CBKXO,0.022988505747126436,0
0454-OKRCT,0.40229885057471265,0
1360-JYXKQ,0.26436781609195403,0
3057-VJJQE,0.09195402298850575,0
6543-XRMYR,0.4482758620689655,0
9921-EZKBY,0.3333333333333333,0
2808-CHTDM,0.022988505747126436,0
0742-LAFQK,0.12643678160919541,0
7089-RKVSZ,0.08045977011494253,0
7404-JLKQG,0.40229885057471265,0
3522-CDKHF,0.3103448275862069,0
8566-YPRGL,0.3333333333333333,0
3346-BRMIS,0.1724137931034483,0
2284-VFLKH,0.27586206896551724,0
8777-MBMTS,0.1724137931034483,0
4291-HPAXL,0.3103448275862069,0
3030-YDNRM,0.5402298850574713,1
0531-ZZJWQ,0.06896551724137931,0
4636-OLWOE,0.11494252873563218,0
5960-MVTUK,0.4482758620689655,0
1589-AGTLK,0.5632183908045977,1
1862-QRWPE,0.011494252873563218,0
3638-VBZTA,0.022988505747126436,0
7277-KAMWT,0.05747126436781609,0
9838-BFCQT,0.0,0
5002-GCQFH,0.26436781609195403,0
2675-OTVVJ,0.3103448275862069,0
4139-DETXS,0.011494252873563218,0
9167-APMXZ,0.367816091954023,0
5619-PTMIK,0.1724137931034483,0
4385-ZKVNW,0.13793103448275862,0
6119-SPUDB,0.08045977011494253,0
0699-NDKJM,0.09195402298850575,0
0867-LDTTC,0.6781609195402298,1
7080-TNUWP,0.08045977011494253,0
8922-NPKBJ,0.0,0
3945-GFWQL,0.26436781609195403,0
4083-EUGRJ,0.05747126436781609,0
8513-OLYGY,0.09195402298850575,0
5146-YYFRZ,0.0,0
2907-ILJBN,0.05747126436781609,0
1597-FZREH,0.7816091954022989,1
7812-FZHPE,0.034482758620689655,0
6919-ELBGL,0.09195402298850575,0
7312-XSBAT,0.5977011494252874,1
1891-QRQSA,0.14942528735632185,0
5155-AZQPB,0.06896551724137931,0
9039-RBEEE,0.11494252873563218,0
8413-VONUO,0.7701149425287356,1
6402-SSEJG,0.09195402298850575,0
6322-PJJDJ,0.27586206896551724,0
7966-YOTQW,0.22988505747126436,0
1088-CNNKB,0.08045977011494253,0
3831-YCPUO,0.10344827586206896,0
2672-TGEFF,0.2988505747126437,0
0354-WYROK,0.45977011494252873,0
1684-FLBGS,0.1839080459770115,0
7654-YWJUF,0.3448275862068966,0
1814-DKOLC,0.3103448275862069,0
2777-PHDEI,0.7816091954022989,1
0017-IUDMW,0.09195402298850575,0
3521-MNKLV,0.10344827586206896,0
9501-UKKNL,0.08045977011494253,0
1760-CAZHT,0.034482758620689655,0
9507-EXLTT,0.7701149425287356,1
0733-VUNUW,0.11494252873563218,0
3063-QFSZL,0.5057471264367817,1
4940-KHCWD,0.04597701149425287,0
3481-JHUZH,0.3563218390804598,0
8262-COGGB,0.367816091954023,0
6479-VDGRK,0.0,0
0208-BPQEJ,0.05747126436781609,0
3413-CSSTH,0.12643678160919541,0
0823-HSCDJ,0.10344827586206896,0
3758-CKOQL,0.19540229885057472,0
2038-OEQZH,0.7126436781609196,1
5136-RGMZO,0.22988505747126436,0
9279-CJEOJ,0.45977011494252873,0
0259-GBZSH,0.7471264367816092,1
0519-XUZJU,0.7126436781609196,1
4302-ZYFEL,0.0,0
5103-MHMHY,0.5287356321839081,1
7244-QWYHG,0.11494252873563218,0
2073-QBVBI,0.06896551724137931,0
2732-ISEZX,0.11494252873563218,0
4501-VCPFK,0.12643678160919541,0
7550-WIQVA,0.27586206896551724,0
6347-DCUIK,0.41379310344827586,0
5035-BVCXS,0.5057471264367817,1
1346-PJWTK,0.16091954022988506,0
3771-PZOBW,0.45977011494252873,0
6972-SNKKW,0.10344827586206896,0
3458-IDMFK,0.022988505747126436,0
4280-DLSHD,0.3103448275862069,0
6013-BHCAW,0.08045977011494253,0
2606-PKWJB,0.09195402298850575,0
3070-BDOQC,0.22988505747126436,0
4282-YMKNA,0.45977011494252873,0
3658-QQJYD,0.11494252873563218,0
2379-ENZGV,0.7241379310344828,1
5835-BEQEU,0.7816091954022989,1
1624-NALOJ,0.7471264367816092,1
8963-MQVYN,0.011494252873563218,0
4359-INNWN,0.022988505747126436,0
8808-ELEHO,0.6436781609195402,1
1360-XFJMR,0.14942528735632185,0
0734-OXWBT,0.7011494252873564,1
8706-HRADD,0.1724137931034483,0
7207-RMRDB,0.1724137931034483,0
6647-ZEDXT,0.47126436781609193,0
8384-FZBJK,0.27586206896551724,0
4510-PYUSH,0.11494252873563218,0
5197-LQXXH,0.022988505747126436,0
2592-YKDIF,0.3333333333333333,0
7469-LKBCI,0.04597701149425287,0
5630-IXDXV,0.3448275862068966,0
6728-CZFEI,0.19540229885057472,0
3551-HUAZH,0.7816091954022989,1
3655-SNQYZ,0.10344827586206896,0
3106-ULWFW,0.6666666666666666,1
1177-XZBJL,0.10344827586206896,0
7295-JOMMD,0.7931034482758621,1
5846-NEQVZ,0.04597701149425287,0
0931-MHTEM,0.28735632183908044,0
0617-AQNWT,0.034482758620689655,0
7794-JASDG,0.5402298850574713,1
8782-LKFPK,0.28735632183908044,0
7945-HLKEA,0.05747126436781609,0
9117-SHLZX,0.5287356321839081,1
7139-JZFVG,0.05747126436781609,0
8652-YHIYU,0.4827586206896552,0
9919-FZDED,0.0,0
9462-MJUAW,0.47126436781609193,0
4030-VPZBD,0.47126436781609193,0
3878-AVSOQ,0.7471264367816092,1
6581-NQCBA,0.20689655172413793,0
9845-PEEKO,0.10344827586206896,0
8597-CTXVJ,0.022988505747126436,0
4482-EWFMI,0.7126436781609196,1
5597-GLBUC,0.7701149425287356,1
1925-TIBLE,0.6666666666666666,1
4622-YNKIJ,0.3218390804597701,0
9618-LFJRU,0.11494252873563218,0
2454-RPBRZ,0.6436781609195402,1
5887-IKKYO,0.14942528735632185,0
8999-EXMNO,0.022988505747126436,0
3654-ARMGP,0.06896551724137931,0
7471-MQPOS,0.04597701149425287,0
8597-CWYHH,0.2988505747126437,0
2969-VAPYH,0.011494252873563218,0
6275-YDUVO,0.7241379310344828,1
9688-YGXVR,0.28735632183908044,0
2479-BRAMR,0.3793103448275862,0
0925-VYDLG,0.7701149425287356,1
6807-SIWJI,0.41379310344827586,0
4824-GUCBY,0.3448275862068966,0
0673-IGUQO,0.3333333333333333,0
8091-TTVAX,0.28735632183908044,0
3546-GHEAE,0.06896551724137931,0
4776-XSKYQ,0.21839080459770116,0
3001-UNBTL,0.4367816091954023,0
2810-FTLEM,0.20689655172413793,0
8309-IEYJD,0.7241379310344828,1
3913-RDSJZ,0.0,0
7601-GNDYK,0.022988505747126436,0
6969-MVBAI,0.6781609195402298,1
2257-BOVXD,0.20689655172413793,0
7740-BTPUX,0.2413793103448276,0
9065-ZCPQX,0.05747126436781609,0
7593-JNWRU,0.4942528735632184,0
3308-MHOOC,0.3333333333333333,0
2205-LPVGL,0.12643678160919541,0
5844-QVTAT,0.10344827586206896,0
7401-RUBNK,0.39080459770114945,0
2275-RBYQS,0.5402298850574713,1
6265-FRMTQ,0.034482758620689655,0
0212-ISBBF,0.12643678160919541,0
4315-MURBD,0.6436781609195402,1
5089-IFSDP,0.1724137931034483,0
3419-SNJJD,0.1724137931034483,0
9058-CBREO,0.5287356321839081,1
4906-ZHGPK,0.06896551724137931,0
7162-WPHPM,0.06896551724137931,0
2703-AMTUL,0.09195402298850575,0
9140-CZQZZ,0.06896551724137931,0
7049-GKVZY,0.47126436781609193,0
7951-VRDVK,0.2988505747126437,0
9436-ZBZCT,0.5402298850574713,1
3794-NFNCH,0.06896551724137931,0
5997-OPVFA,0.034482758620689655,0
3092-IGHWF,0.034482758620689655,0
5954-BDFSG,0.16091954022988506,0
6217-KDYWC,0.034482758620689655,0
3739-YBWAB,0.11494252873563218,0
7558-IMLMT,0.0,0
3378-AJRAO,0.0,0
4255-DDUOU,0.3448275862068966,0
7660-HDPJV,0.7126436781609196,1
2889-FPWRM,0.10344827586206896,0
6400-BWQKW,0.6781609195402298,1
7508-SMHXL,0.5287356321839081,1
3572-UUHRS,0.0,0
3956-CJUST,0.28735632183908044,0
3043-SUDUA,0.034482758620689655,0
4080-OGPJL,0.40229885057471265,0
5397-TUPSH,0.04597701149425287,0
1707-HABPF,0.27586206896551724,0
9530-GRMJG,0.011494252873563218,0
4191-XOVOM,0.20689655172413793,0
3992-YWPKO,0.6896551724137931,1
0420-TXVSG,0.022988505747126436,0
6968-URWQU,0.11494252873563218,0
6959-GQEGV,0.22988505747126436,0
7188-CBBBA,0.1839080459770115,0
3509-GWQGF,0.16091954022988506,0
7598-UAASY,0.7816091954022989,1
9424-CMPOG,0.06896551724137931,0
5590-ZSKRV,0.3103448275862069,0
4390-KYULV,0.19540229885057472,0
9231-ZJYAM,0.735632183908046,1
7115-IRDHS,0.0,0
7552-KEYGT,0.034482758620689655,0
3590-TCXTB,0.3333333333333333,0
4710-NKCAW,0.3103448275862069,0
8024-XNAFQ,0.16091954022988506,0
3354-OADJP,0.2988505747126437,0
9755-JHNMN,0.11494252873563218,0
3071-VBYPO,0.7931034482758621,1
1060-ENTOF,0.1839080459770115,0
7167-PCEYD,0.0,0
5778-BVOFB,0.21839080459770116,0
4418-LZMSV,0.20689655172413793,0
5387-ASZNZ,0.011494252873563218,0
3803-KMQFW,0.3333333333333333,0
1658-TJVOA,0.5747126436781609,1
9548-LERKT,0.0,0
2817-LVCPP,0.011494252873563218,0
4257-GAESD,0.4827586206896552,0
0696-UKTOX,0.11494252873563218,0
9391-TTOYH,0.0,0
1112-CUNAO,0.5287356321839081,1
9108-EJFJP,0.5172413793103449,1
4998-IKFSE,0.45977011494252873,0
6350-XFYGW,0.7241379310344828,1
8197-BFWVU,0.05747126436781609,0
7028-DVOIQ,0.3793103448275862,0
5522-NYKPB,0.3448275862068966,0
6479-OAUSD,0.022988505747126436,0
0979-PHULV,0.16091954022988506,0
8734-DKSTZ,0.6781609195402298,1
0847-HGRML,0.0,0
3716-LRGXK,0.2413793103448276,0
1897-OKVMW,0.09195402298850575,0
2968-SSGAA,0.7011494252873564,1
4002-BQWPQ,0.3333333333333333,0
3317-VLGQT,0.4827586206896552,0
1853-UDXBW,0.7241379310344828,1
0608-JDVEC,0.011494252873563218,0
5364-XYIRR,0.2413793103448276,0
3810-PJUHR,0.0,0
8190-ZTQFB,0.10344827586206896,0
7753-USQYQ,0.09195402298850575,0
2722-JMONI,0.6091954022988506,1
6961-MJKBO,0.011494252873563218,0
7799-LGRDP,0.022988505747126436,0
6029-CSMJE,0.04597701149425287,0
8805-JNRAZ,0.5517241379310345,1
1265-ZFOSD,0.06896551724137931,0
0541-FITGH,0.41379310344827586,0
8404-VIOMB,0.011494252873563218,0
4329-YPDDQ,0.5517241379310345,1
0623-IIHUG,0.14942528735632185,0
3865-QBWSJ,0.39080459770114945,0
6344-SFJVH,0.04597701149425287,0
7554-AKDQF,0.47126436781609193,0
6906-ANDWJ,0.3793103448275862,0
3717-LNXKW,0.367816091954023,0
8263-QMNTJ,0.09195402298850575,0
6458-CYIDZ,0.6781609195402298,1
5057-RKGLH,0.05747126436781609,0
5115-SQAAU,0.0,0
5622-UEJFI,0.034482758620689655,0
5329-KRDTM,0.06896551724137931,0
6461-PPAXN,0.08045977011494253,0
4452-QIIEB,0.40229885057471265,0
6818-WOBHJ,0.06896551724137931,0
7779-ORAEL,0.2413793103448276,0
6169-PPETC,0.022988505747126436,0
2848-YXSMW,0.0,0
6061-GWWAV,0.2413793103448276,0
0218-QNVAS,0.13793103448275862,0
8608-OZTLB,0.2988505747126437,0
8728-SKJLR,0.2988505747126437,0
8901-UPRHR,0.11494252873563218,0
0013-SMEOE,0.12643678160919541,0
6519-CFDBX,0.5632183908045977,1
4488-PSYCG,0.034482758620689655,0
6849-OYAMU,0.5172413793103449,1
3932-IJWDZ,0.3563218390804598,0
5135-RDDQL,0.06896551724137931,0
1169-WCVAK,0.4942528735632184,0
0742-MOABM,0.4827586206896552,0
4698-KVLLG,0.011494252873563218,0
1661-CZBAU,0.12643678160919541,0
8644-XYTSV,0.10344827586206896,0
3714-NTNFO,0.25287356321839083,0
0953-LGOVU,0.3448275862068966,0
0464-WJTKO,0.0,0
8593-WHYHV,0.7471264367816092,1
7989-CHGTL,0.3563218390804598,0
7998-ZLXWN,0.04597701149425287,0
4957-TREIR,0.5172413793103449,1
7501-VTYLJ,0.4942528735632184,0
0447-BEMNG,0.11494252873563218,0
0637-YLETY,0.5862068965517241,1
2476-YGEFM,0.25287356321839083,0
5949-HGVJL,0.20689655172413793,0
5939-XAIXZ,0.16091954022988506,0
9847-HNVGP,0.022988505747126436,0
4576-CSAJH,0.13793103448275862,0
4747-LCAQL,0.28735632183908044,0
7595-EHCDL,0.06896551724137931,0
4003-OCTMP,0.10344827586206896,0
7617-EYGLW,0.3103448275862069,0
6447-EGDIV,0.034482758620689655,0
2796-NNUFI,0.0,0
6362-QHAFM,0.3793103448275862,0
6838-HVLXG,0.05747126436781609,0
8205-VSLRB,0.08045977011494253,0
2276-YDAVZ,0.7586206896551724,1
1839-FBNFR,0.0,0
9386-LDCZR,0.28735632183908044,0
3512-IZIKN,0.022988505747126436,0
9675-ICXCT,0.034482758620689655,0
3003-CMDUU,0.4367816091954023,0
6469-QJKZW,0.10344827586206896,0
3387-VATUS,0.7126436781609196,1
5628-FCGYG,0.41379310344827586,0
5244-IRFIH,0.3103448275862069,0
9092-GDZKO,0.022988505747126436,0
6410-LEFEN,0.3218390804597701,0
8606-CIQUL,0.09195402298850575,0
4742-DRORA,0.1839080459770115,0
7190-XHTWJ,0.0,0
9739-JLPQJ,0.09195402298850575,0
6745-JEFZB,0.3218390804597701,0
5939-SXWHM,0.0,0
0602-DDUML,0.05747126436781609,0
3132-TVFDZ,0.06896551724137931,0
9734-YWGEX,0.7471264367816092,1
5951-AOFIH,0.16091954022988506,0
0030-FNXPP,0.19540229885057472,0
9229-RQABD,0.034482758620689655,0
0394-YONDK,0.0,0
6513-EECDB,0.7701149425287356,1
3295-YVUSR,0.6896551724137931,1
8450-UYIBU,0.12643678160919541,0
9170-CCKOU,0.47126436781609193,0
8260-NGFNY,0.367816091954023,0
8430-TWCBX,0.011494252873563218,0
4902-OHLSK,0.4482758620689655,0
5562-YJQGT,0.25287356321839083,0
3156-QLHBO,0.25287356321839083,0
5501-TVMGM,0.5057471264367817,1
9668-PUGNU,0.0,0
4686-GEFRM,0.14942528735632185,0
7690-KPNCU,0.11494252873563218,0
6176-YJWAS,0.11494252873563218,0
6685-XSHHU,0.011494252873563218,0
9650-VBUOG,0.022988505747126436,0
9391-DXGGG,0.3103448275862069,0
5975-BAICR,0.13793103448275862,0
8058-DMYRU,0.19540229885057472,0
6015-VVHHE,0.7011494252873564,1
4840-ORQXB,0.26436781609195403,0
2252-NKNSI,0.19540229885057472,0
5144-TVGLP,0.3103448275862069,0
6475-VHUIZ,0.11494252873563218,0
1270-XKUCC,0.034482758620689655,0
8012-SOUDQ,0.3218390804597701,0
6859-RKMZJ,0.21839080459770116,0
9878-TNQGW,0.7126436781609196,1
3312-ZWLGF,0.3103448275862069,0
6235-VDHOM,0.39080459770114945,0
0750-EBAIU,0.2413793103448276,0
7663-YJHSN,0.14942528735632185,0
9150-HEPMB,0.10344827586206896,0
4039-HEUNW,0.3218390804597701,0
3165-HDOEW,0.5402298850574713,1
1469-LBJQJ,0.16091954022988506,0
8519-QJGJD,0.42528735632183906,0
5931-FLJJF,0.41379310344827586,0
5730-RIITO,0.05747126436781609,0
5473-KHBPS,0.25287356321839083,0
1895-QTKDO,0.5632183908045977,1
3387-PLKUI,0.04597701149425287,0
5669-SRAIP,0.45977011494252873,0
8158-WPEZG,0.367816091954023,0
0906-QVPMS,0.09195402298850575,0
6683-VLCTZ,0.47126436781609193,0
8084-OIVBS,0.05747126436781609,0
8665-UTDHZ,0.47126436781609193,0
5371-VYLSX,0.22988505747126436,0
8167-GJLRN,0.4482758620689655,0
6734-GMPVK,0.7586206896551724,1
9227-YBAXE,0.05747126436781609,0
5756-JYOJT,0.1724137931034483,0
0057-QBUQH,0.011494252873563218,0
7613-LLQFO,0.632183908045977,1
6100-FJZDG,0.04597701149425287,0
3923-CSIHK,0.12643678160919541,0
4587-NUKOX,0.7241379310344828,1
3808-HFKDE,0.14942528735632185,0
5696-CEIQJ,0.1724137931034483,0
0757-WCUUZ,0.11494252873563218,0
8550-XSXUQ,0.13793103448275862,0
6956-SMUCM,0.7701149425287356,1
4854-SSLTN,0.3448275862068966,0
2223-GDSHL,0.10344827586206896,0
8266-VBFQL,0.7586206896551724,1
6797-LNAQX,0.13793103448275862,0
4877-TSOFF,0.08045977011494253,0
1125-SNVCK,0.10344827586206896,0
9530-EHPOH,0.22988505747126436,0
4817-VYYWS,0.45977011494252873,0
7722-CVFXN,0.2988505747126437,0
2667-WYLWJ,0.05747126436781609,0
3727-RJMEO,0.6781609195402298,1
0468-YRPXN,0.4482758620689655,0
0193-ESZXP,0.22988505747126436,0
2074-GKOWZ,0.7816091954022989,1
0191-ZHSKZ,0.27586206896551724,0
3703-KBKZP,0.3793103448275862,0
3254-YRILK,0.4942528735632184,0
9824-BEMCV,0.26436781609195403,0
3724-UCSHY,0.10344827586206896,0
2138-VFAPZ,0.04597701149425287,0
5519-TEEUH,0.022988505747126436,0
2115-BFTIW,0.14942528735632185,0
2232-DMLXU,0.4942528735632184,0
0578-SKVMF,0.3448275862068966,0
1746-TGTWV,0.7586206896551724,1
3398-ZOUAA,0.22988505747126436,0
1965-DDBWU,0.5057471264367817,1
0835-JKADZ,0.10344827586206896,0
4312-GVYNH,0.022988505747126436,0
7969-AULMZ,0.4827586206896552,0
5673-FSSMF,0.367816091954023,0
0907-HQNTS,0.10344827586206896,0
9774-NRNAU,0.367816091954023,0
2996-XAUVF,0.022988505747126436,0
4821-WQOYN,0.0,0
4119-ZYPZY,0.14942528735632185,0
7434-SHXLS,0.3793103448275862,0
9643-AVVWI,0.7126436781609196,1
3038-PQIUY,0.1724137931034483,0
8637-XJIVR,0.5287356321839081,1
6357-JJPQT,0.6781609195402298,1
0247-SLUJI,0.3103448275862069,0
1229-RCALF,0.10344827586206896,0
1498-DQNRX,0.034482758620689655,0
3841-NFECX,0.08045977011494253,0
4719-UMSIY,0.10344827586206896,0
7245-JMTTQ,0.26436781609195403,0
4662-EKDPQ,0.40229885057471265,0
9577-WJVCQ,0.022988505747126436,0
1241-FPMOF,0.011494252873563218,0
9631-XEYKE,0.4827586206896552,0
5181-OABFK,0.11494252873563218,0
8065-YKXKD,0.42528735632183906,0
9392-XBGTD,0.04597701149425287,0
3026-ATZYV,0.3103448275862069,0
1755-RMCXH,0.2988505747126437,0
3221-CJMSG,0.10344827586206896,0
5062-CJJKH,0.09195402298850575,0
7623-TRNQN,0.5862068965517241,1
7815-PDTHL,0.022988505747126436,0
3896-RCYYE,0.022988505747126436,0
4847-TAJYI,0.7126436781609196,1
5075-JSDKI,0.022988505747126436,0
5018-GWURO,0.10344827586206896,0
5649-ANRML,0.7586206896551724,1
2439-QKJUL,0.11494252873563218,0
1866-RZZQS,0.39080459770114945,0
1448-CYWKC,0.22988505747126436,0
6899-PPEEA,0.3218390804597701,0
9134-WYRVP,0.21839080459770116,0
7517-LDMPS,0.632183908045977,1
1357-BIJKI,0.2988505747126437,0
5759-RCVCB,0.4827586206896552,0
4176-RELJR,0.0,0
3566-CAAYU,0.034482758620689655,0
1187-WILMM,0.06896551724137931,0
9581-GVBXT,0.034482758620689655,0
8668-KNZTI,0.13793103448275862,0
7450-NWRTR,0.6436781609195402,1
7602-DBTOU,0.0,0
3096-WPXBT,0.22988505747126436,0
9637-EIHEQ,0.5402298850574713,1
6141-OOXUQ,0.2988505747126437,0
2498-XLDZR,0.26436781609195403,0
0567-XRHCU,0.022988505747126436,0
3858-VOBET,0.28735632183908044,0
1563-IWQEX,0.05747126436781609,0
8570-KLJYJ,0.09195402298850575,0
6100-QQHEB,0.4827586206896552,0
0082-LDZUE,0.5517241379310345,1
7683-CBDKJ,0.19540229885057472,0
7363-QTBIW,0.5632183908045977,1
0206-TBWLC,0.21839080459770116,0
6617-WLBQC,0.3218390804597701,0
0224-RLWWD,0.5517241379310345,1
4549-ZDQYY,0.13793103448275862,0
4238-JSSWH,0.39080459770114945,0
0021-IKXGC,0.7701149425287356,1
3786-WOVKF,0.14942528735632185,0
2725-TTRIQ,0.0,0
4531-AUZNK,0.26436781609195403,0
8397-MVTAZ,0.3793103448275862,0
2190-BCXEC,0.3448275862068966,0
8461-EFQYM,0.022988505747126436,0
0661-WCQNQ,0.13793103448275862,0
4707-MAXGU,0.0,0
0485-ZBSLN,0.0,0
2146-EGVDT,0.011494252873563218,0
5995-WWKKG,0.011494252873563218,0
2987-BJXIK,0.0,0
6340-DACFT,0.011494252873563218,0
2516-VQRRV,0.7816091954022989,1
3934-HXCFZ,0.47126436781609193,0
1839-UMACK,0.022988505747126436,0
7929-DMBCV,0.40229885057471265,0
2361-UPSND,0.14942528735632185,0
8879-ZKJOF,0.3333333333333333,0
2662-NNTDK,0.0,0
2821-WARNZ,0.011494252873563218,0
2371-JQHZZ,0.4367816091954023,0
5575-TPIZQ,0.2988505747126437,0
8869-LIHMK,0.10344827586206896,0
5802-ADBRC,0.26436781609195403,0
7270-BDIOA,0.39080459770114945,0
2675-IJRGJ,0.034482758620689655,0
2045-BMBTJ,0.11494252873563218,0
3863-QSTYI,0.06896551724137931,0
3627-FCRDW,0.3563218390804598,0
7795-CFOCW,0.08045977011494253,0
9867-JCZSP,0.022988505747126436,0
7580-UGXNC,0.5057471264367817,1
7845-URHJN,0.05747126436781609,0
1154-HYWWO,0.2988505747126437,0
8544-JNBOX,0.0,0
0112-QWPNC,0.2413793103448276,0
1031-IIDEO,0.7126436781609196,1
7537-CBQUZ,0.14942528735632185,0
5515-AKOAJ,0.28735632183908044,0
3023-GFLBR,0.2988505747126437,0
8086-OVPWV,0.7241379310344828,1
7180-PISOG,0.7816091954022989,1
4376-KFVRS,0.08045977011494253,0
3120-FAZKD,0.034482758620689655,0
6121-VZNQB,0.3333333333333333,0
5144-PQCDZ,0.11494252873563218,0
6563-VRERX,0.022988505747126436,0
5766-ZJYBB,0.3103448275862069,0
2691-NZETQ,0.6436781609195402,1
8851-RAGOV,0.14942528735632185,0
4480-MBMLB,0.40229885057471265,0
7216-EWTRS,0.8045977011494253,1
4670-TABXH,0.10344827586206896,0
0709-TVGUR,0.45977011494252873,0
0236-HFWSV,0.5632183908045977,1
6653-CBBOM,0.7241379310344828,1
7811-JIVPF,0.11494252873563218,0
6838-YAUVY,0.20689655172413793,0
6976-BWGLQ,0.0,0
1093-YSWCA,0.05747126436781609,0
7693-LCKZL,0.7126436781609196,1
3078-ZKNTS,0.04597701149425287,0
9068-VPWQQ,0.10344827586206896,0
9236-NDUCW,0.16091954022988506,0
2226-ICFDO,0.0,0
8868-WOZGU,0.41379310344827586,0
3716-BDVDB,0.7126436781609196,1
6741-QRLUP,0.06896551724137931,0
9909-DFRJA,0.4367816091954023,0
9411-TPQQV,0.09195402298850575,0
7114-AEOZE,0.0,0
9114-AAFQH,0.09195402298850575,0
3642-BYHDO,0.0,0
5857-XRECV,0.21839080459770116,0
3733-ZEECP,0.12643678160919541,0
9805-FILKB,0.0,0
8985-OOPOS,0.7586206896551724,1
5043-TRZWM,0.7816091954022989,1
5639-NTUPK,0.1839080459770115,0
0661-KBKPA,0.1724137931034483,0
0585-EGDDA,0.367816091954023,0
2674-MIAHT,0.6781609195402298,1
4821-SJHJV,0.3448275862068966,0
9531-NSBMR,0.022988505747126436,0
8410-BGQXN,0.12643678160919541,0
2770-NSVDG,0.08045977011494253,0
3785-KTYSH,0.034482758620689655,0
1422-DGUBX,0.367816091954023,0
6250-CGGUN,0.14942528735632185,0
2495-TTHBQ,0.11494252873563218,0
9624-EGDEQ,0.011494252873563218,0
7629-WFGLW,0.1839080459770115,0
1337-BOZWO,0.1839080459770115,0
4530-NDRKU,0.0,0
9860-LISIZ,0.022988505747126436,0
3440-JPSCL,0.7931034482758621,1
2675-DHUTR,0.27586206896551724,0
8008-HAWED,0.20689655172413793,0
1766-GKNMI,0.3103448275862069,0
9638-JIQYA,0.3448275862068966,0
4282-ACRXS,0.022988505747126436,0
4065-JJAVA,0.5977011494252874,1
7253-UVNDW,0.1724137931034483,0
9863-JZAIC,0.08045977011494253,0
1565-RHDJD,0.7241379310344828,1
4890-VMUAV,0.06896551724137931,0
7952-OBOYL,0.7931034482758621,1
3536-IQCTX,0.3218390804597701,0
2642-MAWLJ,0.022988505747126436,0
4139-SUGLD,0.12643678160919541,0
8799-OXZMD,0.06896551724137931,0
5140-FOMCQ,0.1839080459770115,0
5968-XQIVE,0.034482758620689655,0
3724-BSCVH,0.06896551724137931,0
9089-UOWJG,0.1839080459770115,0
4423-YLHDV,0.47126436781609193,0
9586-JGQKH,0.1839080459770115,0
5160-UXJED,0.1839080459770115,0
1010-DIAUQ,0.735632183908046,1
4716-HHKQH,0.5402298850574713,1
7421-ZLUPA,0.3333333333333333,0
9137-NOQKA,0.26436781609195403,0
4057-FKCZK,0.08045977011494253,0
6719-OXYBR,0.5862068965517241,1
9418-RUKPH,0.0,0
1508-DFXCU,0.5747126436781609,1
9360-AHGNL,0.3448275862068966,0
5590-BYNII,0.4827586206896552,0
9953-ZMKSM,0.0,0
8107-RZLNV,0.14942528735632185,0
0581-BXBUB,0.6091954022988506,1
4903-UYAVB,0.11494252873563218,0
3537-HPKQT,0.14942528735632185,0
1396-QWFBJ,0.3103448275862069,0
0743-HRVFF,0.13793103448275862,0
5906-DVAPM,0.08045977011494253,0
6376-GAHQE,0.7126436781609196,1
2867-UIMSS,0.7471264367816092,1
0106-UGRDO,0.08045977011494253,0
4282-MSACW,0.08045977011494253,0
0942-KOWSM,0.3103448275862069,0
4690-LLKUA,0.1839080459770115,0
6689-TCZHQ,0.7011494252873564,1
9158-VCTQB,0.3563218390804598,0
7217-JYHOQ,0.14942528735632185,0
4822-RVYBB,0.7586206896551724,1
8466-PZBLH,0.1724137931034483,0
3154-HMWUU,0.0,0
6857-TKDJV,0.0,0
6298-QDFNH,0.3563218390804598,0
5219-YIPTK,0.40229885057471265,0
6749-UTDVX,0.14942528735632185,0
5338-YHWYT,0.13793103448275862,0
0318-QUUOB,0.7471264367816092,1
0895-DQHEW,0.28735632183908044,0
2097-YVPKN,0.0,0
7868-BGSZA,0.28735632183908044,0
5726-CVNYA,0.05747126436781609,0
2402-TAIRZ,0.39080459770114945,0
2452-MRMZF,0.0,0
4317-VTEOA,0.5402298850574713,1
9221-OTIVJ,0.6091954022988506,1
9372-TXXPS,0.08045977011494253,0
5569-IDSEY,0.16091954022988506,0
8327-WKMIE,0.0,0
0980-PVMRC,0.11494252873563218,0
7548-SEPYI,0.735632183908046,1
3460-TJBWI,0.034482758620689655,0
8559-CIZFV,0.3793103448275862,0
2937-FTHUR,0.22988505747126436,0
8104-OSKWT,0.5517241379310345,1
5624-BQSSA,0.367816091954023,0
1080-BWSYE,0.0,0
7647-GYYKX,0.034482758620689655,0
2360-RDGRO,0.22988505747126436,0
7672-VFMXZ,0.10344827586206896,0
7074-IEVOJ,0.7241379310344828,1
9399-APLBT,0.7816091954022989,1
0970-ETWGE,0.7816091954022989,1
5697-GOMBF,0.14942528735632185,0
7326-RIGQZ,0.42528735632183906,0
0870-VEMYL,0.45977011494252873,0
1614-JBEBI,0.06896551724137931,0
3892-NXAZG,0.08045977011494253,0
0851-DFJKB,0.20689655172413793,0
7622-FWGEW,0.10344827586206896,0
1679-JRFBR,0.13793103448275862,0
2984-TBYKU,0.14942528735632185,0
8174-TBVCF,0.08045977011494253,0
6686-YPGHK,0.25287356321839083,0
2832-SCUCO,0.28735632183908044,0
8938-UMKPI,0.3448275862068966,0
3976-NLDEZ,0.3448275862068966,0
6924-TDGMT,0.05747126436781609,0
3589-PPVKW,0.3218390804597701,0
1075-BGWOH,0.5632183908045977,1
9819-FBNSV,0.3333333333333333,0
7137-NAXML,0.011494252873563218,0
4024-CSNBY,0.05747126436781609,0
3926-YZVVX,0.10344827586206896,0
3961-SXAXY,0.5632183908045977,1
4676-MQUEA,0.3103448275862069,0
6435-SRWBJ,0.6781609195402298,1
1237-WIYYZ,0.022988505747126436,0
5433-KYGHE,0.6091954022988506,1
0135-NMXAP,0.5977011494252874,1
4931-TRZWN,0.3218390804597701,0
0248-PGHBZ,0.08045977011494253,0
3487-EARAT,0.08045977011494253,0
8780-IXSTS,0.7241379310344828,1
4881-GQJTW,0.04597701149425287,0
3249-ZPQRG,0.735632183908046,1
8718-PTMEZ,0.22988505747126436,0
4659-NZRUF,0.45977011494252873,0
4526-EXKKN,0.022988505747126436,0
8981-FJGLA,0.4942528735632184,0
5730-DBDSI,0.0,0
9820-RMCQV,0.26436781609195403,0
5016-IBERQ,0.3793103448275862,0
6946-LMSQS,0.3793103448275862,0
7416-CKTEP,0.034482758620689655,0
1725-MIMXW,0.3333333333333333,0
4106-HADHQ,0.3563218390804598,0
5071-FBJFS,0.4827586206896552,0
7394-FKDNK,0.6666666666666666,1
8573-CGOCC,0.04597701149425287,0
7673-BQGKU,0.0,0
9073-ZZIAY,0.06896551724137931,0
1506-YJTYT,0.20689655172413793,0
7321-PKUYW,0.6206896551724138,1
1977-STDKI,0.735632183908046,1
0191-EQUUH,0.12643678160919541,0
0595-ITUDF,0.10344827586206896,0
9548-LIGTA,0.08045977011494253,0
2900-PHPLN,0.0,0
1090-ESELR,0.14942528735632185,0
5537-UXXVS,0.022988505747126436,0
3148-BLQJT,0.3218390804597701,0
8972-HJWNV,0.6666666666666666,1
3503-TYDAY,0.3333333333333333,0
2300-RQGOI,0.0,0
3750-YHRYO,0.08045977011494253,0
2004-OCQXK,0.735632183908046,1
7159-NOKYQ,0.09195402298850575,0
1379-FRVEB,0.5057471264367817,1
2982-IHMFT,0.7816091954022989,1
9541-PWTWO,0.1724137931034483,0
4378-BZYFP,0.022988505747126436,0
6668-CNMFP,0.4942528735632184,0
8388-DMKAE,0.05747126436781609,0
4709-LKHYG,0.034482758620689655,0
4495-LHSSK,0.19540229885057472,0
9637-CDTKZ,0.08045977011494253,0
8108-UXRQN,0.2413793103448276,0
1492-KGETH,0.06896551724137931,0
3617-XLSGQ,0.1839080459770115,0
0559-CKHUS,0.034482758620689655,0
2233-FAGXV,0.27586206896551724,0
5366-OBVMR,0.14942528735632185,0
0780-XNZFN,0.034482758620689655,0
3796-ENZGF,0.05747126436781609,0
1952-DVVSW,0.05747126436781609,0
5919-TMRGD,0.7816091954022989,1
3452-ABWRL,0.26436781609195403,0
6522-YRBXD,0.3218390804597701,0
2346-LOCWC,0.034482758620689655,0
3244-CQPHU,0.10344827586206896,0
6741-EGCBI,0.367816091954023,0
3640-JQGJG,0.25287356321839083,0
4973-RLZVI,0.27586206896551724,0
3744-ZBHON,0.14942528735632185,0
4316-XCSLJ,0.16091954022988506,0
1568-BEKZM,0.06896551724137931,0
9208-OLGAQ,0.4827586206896552,0
7633-MVPUY,0.09195402298850575,0
5917-RYRMG,0.022988505747126436,0
4419-UJMUS,0.16091954022988506,0
2239-CFOUJ,0.3333333333333333,0
1635-HDGFT,0.022988505747126436,0
1485-YDHMM,0.21839080459770116,0
7817-BOQPW,0.7816091954022989,1
8780-IHCRN,0.0,0
9389-ACWBI,0.5402298850574713,1
1346-UFHAX,0.5402298850574713,1
1215-EXRMO,0.011494252873563218,0
4959-JOSRX,0.5517241379310345,1
0376-OIWME,0.2988505747126437,0
4277-UDIEF,0.3218390804597701,0
2668-TZSPS,0.3333333333333333,0
3898-BSJYF,0.40229885057471265,0
8752-GHJFU,0.06896551724137931,0
3407-QGWLG,0.1839080459770115,0
1602-IJQQE,0.7701149425287356,1
8614-VGMMV,0.20689655172413793,0
0048-PIHNL,0.011494252873563218,0
1866-NXPSP,0.3333333333333333,0
8677-HDZEE,0.25287356321839083,0
5076-YVXCM,0.20689655172413793,0
8229-TNIQA,0.5402298850574713,1
2599-CIPQE,0.11494252873563218,0
4957-SREEC,0.0,0
6543-JXSOO,0.12643678160919541,0
4208-UFFGW,0.5632183908045977,1
4667-QONEA,0.08045977011494253,0
3791-LGQCY,0.27586206896551724,0
0128-MKWSG,0.08045977011494253,0
7078-NVFAM,0.12643678160919541,0
2378-VTKDH,0.21839080459770116,0
7407-SUJIZ,0.034482758620689655,0
3137-LUPIX,0.47126436781609193,0
8388-FYNPZ,0.42528735632183906,0
6769-DYBQN,0.26436781609195403,0
9800-OUIGR,0.0,0
0388-EOPEX,0.7586206896551724,1
6557-BZXLQ,0.3103448275862069,0
6133-OZILE,0.19540229885057472,0
9565-AXSMR,0.011494252873563218,0
3104-OWCGK,0.09195402298850575,0
8672-OAUPW,0.10344827586206896,0
1045-LTCYT,0.05747126436781609,0
1897-RCFUM,0.022988505747126436,0
9505-SQFSW,0.5747126436781609,1
3410-MHHUM,0.3218390804597701,0
6910-HADCM,0.8045977011494253,1
0634-SZPQA,0.39080459770114945,0
0117-LFRMW,0.12643678160919541,0
3520-FJGCV,0.09195402298850575,0
6732-FZUGP,0.3103448275862069,0
7228-PAQPD,0.20689655172413793,0
0369-ZGOVK,0.1839080459770115,0
6195-MELTI,0.10344827586206896,0
8414-MYSHR,0.735632183908046,1
5989-OMNJE,0.10344827586206896,0
6508-NJYRO,0.05747126436781609,0
9150-KPBJQ,0.08045977011494253,0
6439-LAJXL,0.25287356321839083,0
1934-SJVJK,0.3218390804597701,0
1930-WNXSB,0.14942528735632185,0
6323-AYBRX,0.011494252873563218,0
7746-AWNQW,0.14942528735632185,0
5125-CNDSP,0.011494252873563218,0
7563-BIUPC,0.6896551724137931,1
8630-QSGXK,0.13793103448275862,0
8563-IIOXK,0.3793103448275862,0
0409-WTMPL,0.16091954022988506,0
1849-RJYIG,0.20689655172413793,0
2057-ZBLPD,0.4367816091954023,0
2884-GBPFB,0.26436781609195403,0
2424-WVHPL,0.7701149425287356,1
4439-JMPMT,0.7586206896551724,1
2856-HYAPG,0.7126436781609196,1
4054-CUMIA,0.022988505747126436,0
1397-XKKWR,0.3793103448275862,0
3930-ZGWVE,0.3103448275862069,0
3258-SANFR,0.4482758620689655,0
5760-FXFVO,0.6781609195402298,1
8963-JLGJT,0.47126436781609193,0
5533-RJFTJ,0.04597701149425287,0
7621-VPNET,0.3218390804597701,0
8311-UEUAB,0.09195402298850575,0
5982-PSMKW,0.41379310344827586,0
7921-LMDFQ,0.22988505747126436,0
3097-NQYSN,0.7126436781609196,1
3640-PHQXK,0.3448275862068966,0
6527-PZFPV,0.022988505747126436,0
1925-GMVBW,0.11494252873563218,0
1084-UQCHV,0.7241379310344828,1
7328-OWMOM,0.034482758620689655,0
0930-EHUZA,0.3333333333333333,0
3511-BFTJW,0.011494252873563218,0
5424-RLQLC,0.20689655172413793,0
2181-TIDSV,0.0,0
9314-IJWSQ,0.6091954022988506,1
3262-EIDHV,0.0,0
1023-BQXZE,0.10344827586206896,0
3339-EAQNV,0.10344827586206896,0
0186-CAERR,0.10344827586206896,0
3239-TPHPZ,0.05747126436781609,0
3307-TLCUD,0.20689655172413793,0
0818-OCPZO,0.3333333333333333,0
8580-AECUZ,0.7931034482758621,1
8735-NBLWT,0.05747126436781609,0
4514-GFCFI,0.5747126436781609,1
6772-KSATR,0.7471264367816092,1
2474-LCNUE,0.27586206896551724,0
7860-KSUGX,0.011494252873563218,0
2739-CACDQ,0.5057471264367817,1
8735-SDUFN,0.0,0
8679-JOEVF,0.19540229885057472,0
2845-KDHVX,0.04597701149425287,0
6519-ZHPXP,0.12643678160919541,0
4422-QVIJA,0.08045977011494253,0
6259-WJQLC,0.41379310344827586,0
1710-RCXUS,0.26436781609195403,0
5442-BXVND,0.04597701149425287,0
9732-EQMWY,0.2988505747126437,0
1047-NNCBF,0.2413793103448276,0
3413-BMNZE,0.5402298850574713,1
8670-ERCJH,0.09195402298850575,0
0556-FJEGU,0.06896551724137931,0
7721-JXEAW,0.04597701149425287,0
2259-OUUSZ,0.39080459770114945,0
1139-WUOAH,0.09195402298850575,0
8429-XIBUM,0.47126436781609193,0
7153-CHRBV,0.09195402298850575,0
7511-YMXVQ,0.2988505747126437,0
3981-QSVQI,0.05747126436781609,0
4853-RULSV,0.16091954022988506,0
4939-KYYPY,0.09195402298850575,0
2990-IAJSV,0.05747126436781609,0
3134-DSHVC,0.19540229885057472,0
9975-GPKZU,0.011494252873563218,0
9128-CPXKI,0.20689655172413793,0
5846-ABOBJ,0.0,0
2898-LSJGD,0.1724137931034483,0
4377-VDHYI,0.3103448275862069,0
6092-QZVPP,0.3793103448275862,0
2868-MZAGQ,0.7816091954022989,1
9600-UDOPK,0.3563218390804598,0
2530-ENDWQ,0.06896551724137931,0
2971-SGAFL,0.5172413793103449,1
5039-LZRQT,0.05747126436781609,0
9027-YFHQJ,0.1724137931034483,0
7067-KSAZT,0.20689655172413793,0
4443-EMBNA,0.0,0
7353-YOWFP,0.06896551724137931,0
3662-FXJFO,0.034482758620689655,0
9067-YGSCA,0.0,0
8468-FZTOE,0.05747126436781609,0
8887-IPQNC,0.4482758620689655,0
9507-HSMMZ,0.034482758620689655,0
9866-QEVEE,0.47126436781609193,0
3452-SRFEG,0.16091954022988506,0
6715-OFDBP,0.5287356321839081,1
3370-GQEAL,0.3103448275862069,0
0295-QVKPB,0.3218390804597701,0
7148-XZPHA,0.14942528735632185,0
9170-ARBTB,0.011494252873563218,0
5840-NVDCG,0.26436781609195403,0
0550-DCXLH,0.367816091954023,0
5688-KZTSN,0.05747126436781609,0
0207-MDKNV,0.5977011494252874,1
6072-NUQCB,0.011494252873563218,0
0068-FIGTF,0.27586206896551724,0
2984-RGEYA,0.0,0
0804-XBFBV,0.09195402298850575,0
9465-RWMXL,0.367816091954023,0
1099-BTKWT,0.022988505747126436,0
5649-RXQTV,0.2988505747126437,0
6507-ZJSUR,0.40229885057471265,0
4123-DVHPH,0.6896551724137931,1
6701-DHKWQ,0.05747126436781609,0
8807-ARQET,0.10344827586206896,0
4412-YLTKF,0.28735632183908044,0
5233-GEEAX,0.3448275862068966,0
1697-LYYYX,0.0,0
1142-WACZW,0.45977011494252873,0
8220-OCUFY,0.13793103448275862,0
8015-IHCGW,0.09195402298850575,0
4782-OSFXZ,0.04597701149425287,0
1769-GRUIK,0.26436781609195403,0
9822-WMWVG,0.367816091954023,0
8992-JQYUN,0.5517241379310345,1
7693-QPEFS,0.09195402298850575,0
2277-VWCNI,0.47126436781609193,0
4312-KFRXN,0.0,0
7623-HKYRK,0.10344827586206896,0
0991-BRRFB,0.16091954022988506,0
3908-BLSYF,0.7126436781609196,1
0947-IDHRQ,0.6436781609195402,1
6586-PSJOX,0.1839080459770115,0
4872-JCVCA,0.022988505747126436,0
0224-HJAPT,0.47126436781609193,0
3951-NJCVI,0.367816091954023,0
6549-NNDYT,0.20689655172413793,0
4891-NLUBA,0.034482758620689655,0
0899-WZRSD,0.25287356321839083,0
6865-JZNKO,0.06896551724137931,0
1976-CFOCS,0.5402298850574713,1
5876-HZVZM,0.3563218390804598,0
3466-WAESX,0.28735632183908044,0
1015-JPFYW,0.06896551724137931,0
8639-NHQEI,0.05747126436781609,0
2927-QRRQV,0.3333333333333333,0
2637-FKFSY,0.5862068965517241,1
9938-ZREHM,0.3218390804597701,0
2868-LLSKM,0.04597701149425287,0
0804-YGEQV,0.0,0
1571-SAVHK,0.6436781609195402,1
0027-KWYKW,0.367816091954023,0
5146-CBVOE,0.40229885057471265,0
6651-RLGGM,0.0,0
4465-VDKIQ,0.42528735632183906,0
6339-YPSAH,0.4367816091954023,0
0867-MKZVY,0.39080459770114945,0
9821-BESNZ,0.20689655172413793,0
6427-FEFIG,0.3448275862068966,0
4476-OSWTN,0.12643678160919541,0
5127-BZENZ,0.09195402298850575,0
9972-NKTFD,0.06896551724137931,0
8859-DZTGQ,0.022988505747126436,0
4115-UMJFQ,0.011494252873563218,0
6108-OQZDQ,0.7931034482758621,1
3173-WSSUE,0.0,0
9985-MWVIX,0.7241379310344828,1
6546-OPBBH,0.034482758620689655,0
1555-HAPSU,0.0,0
2514-GINMM,0.7701149425287356,1
4446-BZKHU,0.20689655172413793,0
5419-CONWX,0.8045977011494253,1
9611-CTWIH,0.7816091954022989,1
2202-CUYXZ,0.8045977011494253,1
5204-QZXPU,0.21839080459770116,0
3717-OFRTN,0.28735632183908044,0
7929-SKFGK,0.09195402298850575,0
4763-PGDPO,0.6436781609195402,1
6158-HDPXZ,0.367816091954023,0
8356-WUAOJ,0.5517241379310345,1
5884-GCYMI,0.7241379310344828,1
9142-KZXOP,0.1839080459770115,0
1016-DJTSV,0.3563218390804598,0
9817-APLHW,0.06896551724137931,0
9185-TQCVP,0.6206896551724138,1
3745-HRPHI,0.034482758620689655,0
3836-FZSDJ,0.0,0
3638-DIMPH,0.25287356321839083,0
7876-AEHIG,0.13793103448275862,0
0929-PECLO,0.06896551724137931,0
9945-PSVIP,0.011494252873563218,0
7609-NRNCA,0.022988505747126436,0
6215-NQCPY,0.5517241379310345,1
1767-CJKBA,0.0,0
2604-XVDAM,0.26436781609195403,0
5334-AFQJB,0.0,0
8495-PRWFH,0.11494252873563218,0
0308-GIQJT,0.16091954022988506,0
5348-CAGXB,0.6091954022988506,1
5174-ITUMV,0.1839080459770115,0
1395-OFUWC,0.034482758620689655,0
4441-NIHPT,0.3793103448275862,0
7021-XSNYE,0.3793103448275862,0
3276-HDUEG,0.7816091954022989,1
6784-XYJAE,0.10344827586206896,0
1121-QSIVB,0.27586206896551724,0
0943-ZQPXH,0.26436781609195403,0
8165-ZJRNM,0.0,0
4378-MYPGO,0.1724137931034483,0
0880-FVFWF,0.10344827586206896,0
1217-VASWC,0.367816091954023,0
5766-XQXMQ,0.16091954022988506,0
0774-RMNUW,0.011494252873563218,0
5519-NPHVG,0.6436781609195402,1
3224-DFQNQ,0.04597701149425287,0
1752-OZXFY,0.08045977011494253,0
3672-YITQD,0.3563218390804598,0
7839-NUIAA,0.05747126436781609,0
7919-ZODZZ,0.21839080459770116,0
4830-FAXFM,0.022988505747126436,0
2211-RMNHO,0.034482758620689655,0
3359-DSRKA,0.034482758620689655,0
4634-JLRJT,0.3563218390804598,0
7009-PCARS,0.034482758620689655,0
4883-QICIH,0.22988505747126436,0
9681-OXGVC,0.7931034482758621,1
0909-SDHNU,0.3448275862068966,0
2809-ILCYT,0.05747126436781609,0
7010-ZMVBF,0.022988505747126436,0
9467-ROOLM,0.011494252873563218,0
9796-MVYXX,0.25287356321839083,0
0067-DKWBL,0.5517241379310345,1
9101-NTIXF,0.2413793103448276,0
4360-PNRQB,0.41379310344827586,0
6518-LGAOV,0.40229885057471265,0
6114-TCFID,0.13793103448275862,0
9388-ZEYVT,0.09195402298850575,0
4011-ARPHK,0.08045977011494253,0
5141-ZUVBH,0.632183908045977,1
3696-DFHHB,0.0,0
9881-VCZEP,0.09195402298850575,0
3669-WHAFY,0.09195402298850575,0
3996-ZNWYK,0.0,0
4718-DHSMV,0.39080459770114945,0
1406-PUQVY,0.5862068965517241,1
5813-UECBU,0.367816091954023,0
7503-ZGUZJ,0.8045977011494253,1
9018-PCIOK,0.09195402298850575,0
4806-DXQCE,0.08045977011494253,0
2235-ZGKPT,0.45977011494252873,0
1813-JLKWR,0.0,0
0921-OHLVP,0.3563218390804598,0
8819-WFGGJ,0.022988505747126436,0
2446-BEGGB,0.7816091954022989,1
3795-GWTRD,0.10344827586206896,0
6231-WFGFH,0.11494252873563218,0
7594-RQHXR,0.7586206896551724,1
7950-XWOVN,0.3793103448275862,0
7480-SPLEF,0.0,0
6905-NIQIN,0.5172413793103449,1
3058-WQDRE,0.08045977011494253,0
5311-IHLEI,0.22988505747126436,0
6723-WSNTY,0.1724137931034483,0
7251-XFOIL,0.09195402298850575,0
3280-MRDOF,0.19540229885057472,0
7246-ZGQDF,0.5057471264367817,1
6582-PLFUU,0.011494252873563218,0
0219-YTZUE,0.7241379310344828,1
2826-DXLQO,0.3563218390804598,0
0895-LNKRC,0.09195402298850575,0
0390-DCFDQ,0.7241379310344828,1
1357-MVDOZ,0.20689655172413793,0
9054-FOWNV,0.41379310344827586,0
0810-BDHAW,0.3333333333333333,0
3269-ATYWD,0.3448275862068966,0
6664-FPDAC,0.20689655172413793,0
1996-DBMUS,0.12643678160919541,0
8207-VVMYB,0.0,0
8295-KMENE,0.10344827586206896,0
1455-UGQVH,0.6896551724137931,1
7734-DBOAI,0.5977011494252874,1
7729-XBTWX,0.0,0
7716-YTYHG,0.25287356321839083,0
0265-EDXBD,0.28735632183908044,0
4983-CLMLV,0.3103448275862069,0
1205-WNWPJ,0.25287356321839083,0
6005-OBZPH,0.3793103448275862,0
7855-DIWPO,0.22988505747126436,0
2180-DXNEG,0.6896551724137931,1
7928-VJYAB,0.5977011494252874,1
1626-ERCMM,0.45977011494252873,0
2688-BHGOG,0.5517241379310345,1
1098-TDVUQ,0.3333333333333333,0
0013-MHZWF,0.26436781609195403,0
8016-ZMGMO,0.034482758620689655,0
8109-YUOHE,0.1724137931034483,0
3398-FSHON,0.5977011494252874,1
1580-BMCMR,0.5057471264367817,1
5842-POCOP,0.7241379310344828,1
3209-ZPKFI,0.1724137931034483,0
7055-JCGNI,0.11494252873563218,0
4183-WCSEP,0.3448275862068966,0
8003-EWNDZ,0.06896551724137931,0
9701-CDXHR,0.08045977011494253,0
2428-HYUNX,0.0,0
3199-XGZCY,0.5402298850574713,1
5649-TJHOV,0.12643678160919541,0
8046-DNVTL,0.011494252873563218,0
6695-FRVEC,0.011494252873563218,0
3957-LXOLK,0.41379310344827586,0
4730-AWNAU,0.11494252873563218,0
6994-FGRHH,0.1839080459770115,0
6352-TWCAU,0.28735632183908044,0
8654-DHAOW,0.4942528735632184,0
5386-THSLQ,0.034482758620689655,0
7924-GJZFI,0.1724137931034483,0
1459-QNFQT,0.011494252873563218,0
0074-HDKDG,0.08045977011494253,0
4795-UXVCJ,0.04597701149425287,0
7890-VYYWG,0.4827586206896552,0
5275-PMFUT,0.011494252873563218,0
3158-MOERK,0.7701149425287356,1
0289-IVARM,0.11494252873563218,0
5215-LNLDJ,0.16091954022988506,0
9361-YNQWJ,0.0,0
8232-CTLKO,0.022988505747126436,0
9747-DDZOS,0.7471264367816092,1
1513-XNPPH,0.5862068965517241,1
2272-JKMSI,0.12643678160919541,0
5995-LFTLE,0.022988505747126436,0
8292-TYSPY,0.1724137931034483,0
0670-KDOMA,0.3793103448275862,0
6674-KVJHG,0.05747126436781609,0
2753-JMMCV,0.09195402298850575,0
2851-MMUTZ,0.08045977011494253,0
4697-LUPSU,0.26436781609195403,0
7663-RGWBC,0.5517241379310345,1
6705-LXORM,0.5632183908045977,1
9752-ZNQUT,0.5747126436781609,1
0877-SDMBN,0.27586206896551724,0
5555-RNPGT,0.08045977011494253,0
4628-CTTLA,0.04597701149425287,0
0516-QREYC,0.011494252873563218,0
5198-HQAEN,0.3103448275862069,0
